{"cameraMode":{"drawMode":0,"name":"Shaded","section":"Shading Mode"},"sceneLighting":true,"audioPlay":false,"sceneViewState":{"m_AlwaysRefresh":false,"showFog":true,"showSkybox":true,"showFlares":true,"showImageEffects":true,"showParticleSystems":true,"showVisualEffectGraphs":true,"m_FxEnabled":true},"in2DMode":false,"pivot":{"x":608.9144897460938,"y":212.96109008789063,"z":-1.15740966796875},"rotation":{"x":-0.01799212396144867,"y":-0.03237949311733246,"z":0.0005523129948414862,"w":-0.9993385076522827},"size":341.6285095214844,"orthographic":false}